Country Name,Country Code,Indicator Name,Indicator Code,2000,2001,2002,2003,2004,2005,2006,2007,2008,2009,2010,2011,2012
Afghanistan,AFG,Internet users (per 100 people),IT.NET.USER.P2,,0.00472256824217368,0.00456139517022146,0.0878912528559713,0.105809030021958,1.22414808372471,2.10712364546412,1.9,1.84,3.55,4,5,5.45454545454545
Albania,ALB,Internet users (per 100 people),IT.NET.USER.P2,0.114097346552109,0.325798377067964,0.39008127343332,0.971900415195857,2.42038779776014,6.04389086404814,9.60999131577118,15.0361154084109,23.86,41.2,45,49,54.6559590399494
Algeria,DZA,Internet users (per 100 people),IT.NET.USER.P2,0.491705679141589,0.646114016703792,1.59164126035832,2.19535973086144,4.63447508776537,5.84394209201256,7.37598495634886,9.45119062555304,10.18,11.23,12.5,14,15.2280267564417
American Samoa,ASM,Internet users (per 100 people),IT.NET.USER.P2,,,,,,,,,,,,,
Andorra,ADO,Internet users (per 100 people),IT.NET.USER.P2,10.53883560922,,11.2604687170103,13.546412876439,26.8379543894637,37.6057662174867,48.9368469989479,70.87,70.04,78.53,81,81,86.4344246167258
Angola,AGO,Internet users (per 100 people),IT.NET.USER.P2,0.105045562462262,0.136013867429868,0.270376745595134,0.370682065225727,0.464814617985909,1.1433668265595,1.90764750723428,3.2,4.6,6,10,14.776,16.9372101137398
Antigua and Barbuda,ATG,Internet users (per 100 people),IT.NET.USER.P2,6.48222573702907,8.89928551450583,12.5,17.2286487816884,24.2665437161785,34.7164029018124,62.6388691911313,70.06,75.03,74.2,80,82,83.7871674459974
Argentina,ARG,Internet users (per 100 people),IT.NET.USER.P2,7.0386830862178,9.78080728532407,10.8821243775325,11.9136965509954,16.0366841054923,17.7205833696065,20.9272021035896,25.9466329403819,28.1126234799907,34,45,51,55.8
Armenia,ARM,Internet users (per 100 people),IT.NET.USER.P2,1.30047002237784,1.63109466677715,1.9604050458212,4.57521722477781,4.8990085713054,5.25298335195804,5.63178777731609,6.02125339712607,6.21,15.3,25,32,39.1607915666556
Aruba,ABW,Internet users (per 100 people),IT.NET.USER.P2,15.4428229480349,17.1,18.8,20.8,23,25.4,28,30.9,52,58,62,69,74
Australia,AUS,Internet users (per 100 people),IT.NET.USER.P2,46.7561156116738,52.6892664310395,,,,63,66,69.45,71.67,74.25,76,79.5,82.3495485010082
Austria,AUT,Internet users (per 100 people),IT.NET.USER.P2,33.7301329516915,39.1854501811114,36.56,42.7,54.28,58,63.6,69.37,72.87,73.45,75.17,79.8,81
Azerbaijan,AZE,Internet users (per 100 people),IT.NET.USER.P2,0.147757575623251,0.305564637615618,4.99971367812957,,,8.03037535616454,11.9921773343674,14.54,17.08,27.4,46,50,54.2
"Bahamas, The",BHS,Internet users (per 100 people),IT.NET.USER.P2,8,11.8,18,20,22,25,26,27,31.54,33.88,43,65,71.7482028146963
Bahrain,BHR,Internet users (per 100 people),IT.NET.USER.P2,6.15373254647607,15.0386342513918,18.0507208881153,21.5549449917804,21.4586805077435,21.3037335136591,28.2439524318043,32.91,51.95,53,55,77,88
Bangladesh,BGD,Internet users (per 100 people),IT.NET.USER.P2,0.0710394230507683,0.129807973947512,0.13992028850905,0.163877665498048,0.199036333744363,0.24163732563671,1,1.8,2.5,3.1,3.7,5,6.3
Barbados,BRB,Internet users (per 100 people),IT.NET.USER.P2,3.97367835457927,11.9364503383984,27.836322424146,39.6896271159532,49.8,56.0708546066945,63,64.7,66.5,68.7,70.2,71.7657,73.3298136924294
Belarus,BLR,Internet users (per 100 people),IT.NET.USER.P2,1.86039812615388,4.30061602151712,8.95097131467325,,,,16.2,19.7,23,27.43,31.8,39.6,46.9060058438776
Belgium,BEL,Internet users (per 100 people),IT.NET.USER.P2,29.4316916924341,31.2883955056566,46.33,49.97,53.86,55.82,59.72,64.44,66,70,75,78,82
Belize,BLZ,Internet users (per 100 people),IT.NET.USER.P2,5.96383530272428,,5.68425121358763,,5.7936168825996,9.21028860085089,10.4016781374062,10.86,11.31,11.73,14,18.7,25
Benin,BEN,Internet users (per 100 people),IT.NET.USER.P2,0.225247851473369,0.363417890016082,0.7029455951039,0.951327114915695,1.18254096518994,1.27103143947107,1.53785434624704,1.79,1.85,2.24,3.13,3.5,3.79770474077515
Bermuda,BMU,Internet users (per 100 people),IT.NET.USER.P2,42.9498600152711,47.5096998970623,52.0315973700393,56.5220121836337,60.9908670086326,65.4470657898838,69.8996551617012,74.3505940302669,82.3,83.25,84.21,88.336,91.2993045243401
Bhutan,BTN,Internet users (per 100 people),IT.NET.USER.P2,0.40094444691941,0.864628564215099,1.67580258375242,2.43691239949767,3.15698419613711,3.84710674490143,4.5183172581646,5.92,6.55,7.17,13.6,21,25.434348914861
Bolivia,BOL,Internet users (per 100 people),IT.NET.USER.P2,1.4427635847914,2.1204625341365,3.11719294696997,3.50859640072336,4.43992460120042,5.22758395663196,6.20067125473576,10.4992443168903,12.5,16.8,22.4,30,34.1884342305183
Bosnia and Herzegovina,BIH,Internet users (per 100 people),IT.NET.USER.P2,1.08296074971207,1.20052695129649,2.64826791361244,3.96503683387051,15.4689716227665,21.3267010007738,25.1223856852117,27.92,34.66,37.74,52,60,65.3560944772989
Botswana,BWA,Internet users (per 100 people),IT.NET.USER.P2,2.90266662177209,3.43088678702599,3.38592235064273,3.3451901740614,3.30488925316113,3.26255403605122,4.28993297515968,5.28,6.25,6.15,6,8,11.5
Brazil,BRA,Internet users (per 100 people),IT.NET.USER.P2,2.87068515854108,4.52849486902851,9.14942508560748,13.2075861035303,19.073672274442,21.022747248827,28.1783801797929,30.88,33.83,39.22,40.65,45,49.847999364427
Brunei Darussalam,BRN,Internet users (per 100 people),IT.NET.USER.P2,8.99628453448726,12.9177690823013,15.329879855735,19.5950032207342,29.7156041447864,36.4663919475782,42.1863491609307,44.68,46,49,53,56,60.2730650423193
Bulgaria,BGR,Internet users (per 100 people),IT.NET.USER.P2,5.37092346908696,7.6122977487982,9.08,12.04,18.13,19.97,27.09,33.64,39.67,45,46.23,51,55.1480978664466
Burkina Faso,BFA,Internet users (per 100 people),IT.NET.USER.P2,0.0770801689426014,0.157732464653607,0.200992597925001,0.373440303233526,0.400295285492178,0.469914488656657,0.632707564461829,0.75,0.92,1.13,2.4,3,3.72503491597675
Burundi,BDI,Internet users (per 100 people),IT.NET.USER.P2,0.077248447383456,0.106001245363203,0.118228412267794,0.201273196735924,0.349060461879596,0.542142865759056,0.657592590351907,0.7,0.81,0.9,1,1.11,1.21999994477793
Cabo Verde,CPV,Internet users (per 100 people),IT.NET.USER.P2,1.82244385164396,2.68533271272311,3.5187571749658,4.32488539053715,5.31883206957883,6.07408710659813,6.80891100753313,8.28321981953034,14,21,30,32,34.7434141953015
Cambodia,KHM,Internet users (per 100 people),IT.NET.USER.P2,0.047022640068885,0.0769560555527296,0.226983237666204,0.260570197574002,0.300436644360101,0.317321781089656,0.468356720063827,0.49,0.51,0.53,1.26,3.1,4.93986176461129
Cameroon,CMR,Internet users (per 100 people),IT.NET.USER.P2,0.252120077733662,0.277051321848797,0.360871584267755,0.587622611130454,0.976075415490902,1.40265422575955,2.0287447914719,2.93,3.4,3.84,4.3,5,5.69898724036494
Canada,CAN,Internet users (per 100 people),IT.NET.USER.P2,51.3,60.2,61.5932992681952,64.2,65.9559634648989,71.66,72.4,73.2,76.7,80.3,80.3,83,86.7658644038714
Cayman Islands,CYM,Internet users (per 100 people),IT.NET.USER.P2,,,,,,38.0343830823064,44.5,52,61,64.5,66,69.46594499,74.1265306872565
Central African Republic,CAF,Internet users (per 100 people),IT.NET.USER.P2,0.0533941742150456,0.0785434278394038,0.128537116506299,0.151563337940017,0.223401395464406,0.268195609199012,0.311159173235716,0.375815961044797,1,1.8,2,2.2,3
Chad,TCD,Internet users (per 100 people),IT.NET.USER.P2,0.03570707628555,0.0459341343557353,0.166069664674347,0.320308555366775,0.360920107034467,0.399257700084004,0.581045764229641,0.847224520710968,1.19,1.5,1.7,1.9,2.10000000005453
Channel Islands,CHI,Internet users (per 100 people),IT.NET.USER.P2,,,,,,,,,,,,,
Chile,CHL,Internet users (per 100 people),IT.NET.USER.P2,16.6,19.1,22.1,25.4737788864723,28.1779101232438,31.1753470303684,34.4977511736017,35.9,37.3,41.56,45,52.25,61.4181545577569
China,CHN,Internet users (per 100 people),IT.NET.USER.P2,1.77591320677415,2.63965021485872,4.59570433077551,6.2,7.3,8.52325700269541,10.5231526193851,16,22.6,28.9,34.3,38.3,42.3001174855995
Colombia,COL,Internet users (per 100 people),IT.NET.USER.P2,2.207532992624,2.85419997133433,4.6,7.38892371052557,9.1186903029666,11.0072638904585,15.3416745365682,21.8,25.6,30,36.5,40.4,48.9843188
Comoros,COM,Internet users (per 100 people),IT.NET.USER.P2,0.271740607285909,0.443068372538977,0.554869674985088,0.848189370151537,1.32732717785355,2,2.2,2.5,3,3.5,5.1,5.5,5.97529630842855
"Congo, Dem. Rep.",ZAR,Internet users (per 100 people),IT.NET.USER.P2,0.0059021136806903,0.0114757819210493,0.0927907024606925,0.134914837437335,0.196208375178039,0.238037798692792,0.29605361030881,0.37,0.44,0.56,0.72,1.2,1.679961014645
"Congo, Rep.",COG,Internet users (per 100 people),IT.NET.USER.P2,0.0263547320580279,0.0322236164306931,0.157249517243982,0.460014186837522,1.07750492958505,1.46342005950851,2.00799007938159,2.75970437370903,4.28750990276481,4.5,5,5.6,6.10669502435836
Costa Rica,CRI,Internet users (per 100 people),IT.NET.USER.P2,5.80025302331829,9.55948213497093,19.8948511346293,20.3336148143541,20.7923067055542,22.07,25.1,28.4,32.29,34.33,36.5,42.12,47.5009145244347
Cote d'Ivoire,CIV,Internet users (per 100 people),IT.NET.USER.P2,0.231461670612799,0.395747702246439,0.497929360753307,0.758669629452205,0.849282414747704,1.03923820514001,1.52490079122527,1.8,1.9,2,2.1,2.2,2.37895802994429
Croatia,HRV,Internet users (per 100 people),IT.NET.USER.P2,6.64488254374396,11.5585731811648,17.76,22.75,30.91,33.14,37.98,41.44,44.24,50.58,56.55,59.64,63
Cuba,CUB,Internet users (per 100 people),IT.NET.USER.P2,0.541182548811058,1.07975172188907,3.77058503769014,5.2412690536929,8.40798475900703,9.73806220781346,11.1596013147617,11.69,12.94,14.33,15.9,23.23,25.6417038674676
Curacao,CUW,Internet users (per 100 people),IT.NET.USER.P2,,,,,,,,,,,,,
Cyprus,CYP,Internet users (per 100 people),IT.NET.USER.P2,15.2553943710137,18.8187590408455,28.32,30.09,33.83,32.81,35.83,40.77,42.31,49.81,52.99,57.68,61
Czech Republic,CZE,Internet users (per 100 people),IT.NET.USER.P2,9.78052788834393,14.6971721171129,23.93,34.3,35.5,35.27,47.93,51.93,62.97,64.43,68.82,72.97,75
Denmark,DNK,Internet users (per 100 people),IT.NET.USER.P2,39.1724308555053,42.9575247201878,64.25,76.26,80.93,82.74,86.65,85.03,85.02,86.84,88.72,90,93
Djibouti,DJI,Internet users (per 100 people),IT.NET.USER.P2,0.194500528399956,0.343526262964202,0.48697170451894,0.625940229399888,0.781317175068661,0.953611449300569,1.27004115919322,1.62,2.26,4,6.5,7,8.26723289204519
Dominica,DMA,Internet users (per 100 people),IT.NET.USER.P2,8.81484419762881,13.2452280386761,18.4248927671241,23.6204198529629,30.3196130921568,38.5436432637571,39.39817430347,40.2744630071599,41.16,42.02,47.45,51.3135,55.1770141638519
Dominican Republic,DOM,Internet users (per 100 people),IT.NET.USER.P2,3.70469235587688,4.42939069666645,6.8237257325842,7.89839293716387,8.8655534607044,11.4831977789344,14.8449283654589,17.66,20.82,27.72,31.4,38.5818974054268,45
Ecuador,ECU,Internet users (per 100 people),IT.NET.USER.P2,1.46218853556457,2.67044367376705,4.26079691519764,4.46022834472698,4.83444263759525,5.99425516097331,7.2,10.8,18.8,24.6,29.03,31.4,35.1345062239322
"Egypt, Arab Rep.",EGY,Internet users (per 100 people),IT.NET.USER.P2,0.641265037504813,0.838945611477604,2.71999971465421,4.03788510706701,11.92,12.75,13.66,16.03,18.01,25.69,31.42,39.83,44.07
El Salvador,SLV,Internet users (per 100 people),IT.NET.USER.P2,1.17739726914477,1.5,1.9,2.5,3.2,4.2,5.5,6.11,10.08,12.11,15.9,18.9,25.5
Equatorial Guinea,GNQ,Internet users (per 100 people),IT.NET.USER.P2,0.132354665123789,0.16526042288306,0.321197997152044,0.520524272046806,0.843930284607049,1.14978967061811,1.27919359635686,1.55712305943539,1.82,2.13,6,11.5,13.9431821913076
Eritrea,ERI,Internet users (per 100 people),IT.NET.USER.P2,0.136711941104496,0.157815289303043,0.227090137626716,,,,,,,,,0.7,0.8
Estonia,EST,Internet users (per 100 people),IT.NET.USER.P2,28.5769538105646,31.5274897673756,41.52,45.32,53.2,61.45,63.51,66.19,70.58,72.5,74.1,76.5,79
Ethiopia,ETH,Internet users (per 100 people),IT.NET.USER.P2,0.0152637672082567,0.0371623810686744,0.0724022618698295,0.105811658802603,0.155334520794722,0.219659818999505,0.310592656856176,0.37,0.45,0.54,0.75,1.1,1.48281013861396
Faeroe Islands,FRO,Internet users (per 100 people),IT.NET.USER.P2,32.916392363397,43.2469835228993,53.2992218313613,58.9126409695337,66.5335994677312,67.9026317413939,69.359445124439,75.98,75.57,75.18,75.2,80.7321728,85.3351892392109
Fiji,FJI,Internet users (per 100 people),IT.NET.USER.P2,1.4968547339902,1.8579785936093,6.15264970011985,6.72543473821551,7.4129434854202,8.45363663371359,9.6000384001536,10.8978310454645,13,17,20,28,33.7423567521104
Finland,FIN,Internet users (per 100 people),IT.NET.USER.P2,37.2484617371121,43.1053633522263,62.43,69.22,72.39,74.48,79.66,80.78,83.67,82.49,86.89,89.37,91
France,FRA,Internet users (per 100 people),IT.NET.USER.P2,14.3079239430677,26.3259035521688,30.18,36.14,39.15,42.87,46.87,66.09,70.68,71.58,80.1,79.58,83
French Polynesia,PYF,Internet users (per 100 people),IT.NET.USER.P2,6.3570635452072,6.25158894552365,8.20021648571522,14.1242937853107,17.8845374263753,21.5421854743002,25.1079642462589,28.59,33.87,44.6,49,49,52.8766305867993
Gabon,GAB,Internet users (per 100 people),IT.NET.USER.P2,1.21614061828589,1.34762022159633,1.93953010616212,2.65958659385985,2.97906980035019,4.89326474972412,5.48920080280135,5.76700457562583,6.21,6.7,7.23,8,8.61671448924674
"Gambia, The",GMB,Internet users (per 100 people),IT.NET.USER.P2,0.921794919066406,1.33679116648397,1.79677988296495,2.436781193062,3.30800347812937,3.79900113882231,5.23769115841218,6.20503741852418,6.88,7.63,9.2,10.8703,12.4492287209242
Georgia,GEO,Internet users (per 100 people),IT.NET.USER.P2,0.484746298540492,0.992344436138154,1.58787562980332,2.55881648068489,3.88622135350273,6.07945762869794,7.52687684487832,8.26,10.01,20.07,26.9,36.56,45.5030980139962
Germany,DEU,Internet users (per 100 people),IT.NET.USER.P2,30.2163466048889,31.650939416316,48.82,55.9,64.73,68.71,72.16,75.16,78,79,82,83,84
Ghana,GHA,Internet users (per 100 people),IT.NET.USER.P2,0.153615297625799,0.200008060324831,0.830284033818739,1.19305791098328,1.71679770389504,1.83119746104616,2.72317597313987,3.85,4.27,5.44,7.8,14.11,17.1076783234217
Greece,GRC,Internet users (per 100 people),IT.NET.USER.P2,9.13883730776798,10.9350258080278,14.67,17.8,21.42,24,32.25,35.88,38.2,42.4,44.4,53,56
Greenland,GRL,Internet users (per 100 people),IT.NET.USER.P2,31.7478112321162,35.4641368915684,44.154789028418,54.5342598293605,56.0990147610533,57.7034045008656,59.361687268664,61.07,62.82,62.83,63,64,64.8960100995989
Grenada,GRD,Internet users (per 100 people),IT.NET.USER.P2,4.06390799146313,5.12810398216998,14.7588405454867,18.6451821830564,19.5706205843787,20.4878048780488,21.3959911692909,22.29,23.18,24.05,33.46,38.13,42.090255661502
Guam,GUM,Internet users (per 100 people),IT.NET.USER.P2,16.1131270423389,25.3802275337398,31.1922942556271,33.7166817880876,36.1617878387908,38.559877557558,43.8514430048178,46.1504736192355,48.4187021509296,50.6420283820435,54.04,57.7,61.5341593079002
Guatemala,GTM,Internet users (per 100 people),IT.NET.USER.P2,0.712332904508925,1.7382017815873,3.39174627024502,4.54885490848324,5.1,5.7,6.5,7.3,8.3,9.3,10.5,12.3,16
Guinea,GIN,Internet users (per 100 people),IT.NET.USER.P2,0.0954249236063846,0.175541868491054,0.402022748744397,0.450960370842751,0.508819332302937,0.542254180996637,0.637492122987955,0.780025279059244,0.92,0.94,1,1.3,1.49014436571885
Guinea-Bissau,GNB,Internet users (per 100 people),IT.NET.USER.P2,0.230103170591588,0.299569144677667,1.02299323436117,1.35419747762901,1.80814220342991,1.90136531610877,2.0571967045036,2.20630223745003,2.35488871087933,2.30328059172582,2.45,2.672,2.89399062085531
Guyana,GUY,Internet users (per 100 people),IT.NET.USER.P2,6.61149156572021,13.2069864958563,,,,,,,18.2,23.9,29.9,32,34.3080462212964
Haiti,HTI,Internet users (per 100 people),IT.NET.USER.P2,0.231270714628821,0.340832326173809,0.893432988337908,1.64735834557778,5.401261907622,6.37620163504938,6.79600048052951,7.2,7.6,8.1,8.37,9.5,10.8702960267506
Honduras,HND,Internet users (per 100 people),IT.NET.USER.P2,1.20385599891878,1.41528193123711,2.5974025974026,4.8,5.6,6.5,7.8,9.4,9.6,9.8,11.09,15.9,18.1198701421747
"Hong Kong SAR, China",HKG,Internet users (per 100 people),IT.NET.USER.P2,27.8277606812581,38.6714032309569,43.0823830278909,52.2000433497404,56.3998803935333,56.9,60.8,64.8,66.7,69.4,72,72.2,72.8
Hungary,HUN,Internet users (per 100 people),IT.NET.USER.P2,6.99967635062916,14.5285543028277,16.67,21.63,27.74,38.97,47.06,53.3,61,62,65,70,72
Iceland,ISL,Internet users (per 100 people),IT.NET.USER.P2,44.470533824288,49.3929953676426,79.12,83.14,83.88,87,89.51,90.6,91,93,93.39,95.02,96
India,IND,Internet users (per 100 people),IT.NET.USER.P2,0.527532449930946,0.660146377009928,1.53787558175083,1.68648997063625,1.97613649190559,2.38807499995774,2.80549986534254,3.95,4.38,5.12,7.5,10.07,12.5800609138955
Indonesia,IDN,Internet users (per 100 people),IT.NET.USER.P2,0.925563864466858,2.01861385948459,2.13413573295808,2.38701977959476,2.60028587633414,3.60202476259646,4.76481313366657,5.78627472934199,7.91747938492903,6.92,10.92,12.28,15.36
"Iran, Islamic Rep.",IRN,Internet users (per 100 people),IT.NET.USER.P2,0.934190019959829,1.48422133163363,4.62617511492205,6.93372195304053,7.49,8.1,8.76,9.47,10.24,11.07,14.7,21,25.997636032787
Iraq,IRQ,Internet users (per 100 people),IT.NET.USER.P2,,0.1,0.5,0.6,0.9,0.9,0.95234424383919,0.93,1,1.06,2.5,5,7.1
Ireland,IRL,Internet users (per 100 people),IT.NET.USER.P2,17.8504672405807,23.1388121904053,25.85,34.31,36.99,41.61,54.82,60.55,65.34,67.38,69.85,76.82,79
Isle of Man,IMY,Internet users (per 100 people),IT.NET.USER.P2,,,,,,,,,,,,,
Israel,ISR,Internet users (per 100 people),IT.NET.USER.P2,20.8737899981674,17.3786238639049,17.7645990630493,19.5933936579649,22.7704855254035,25.1940424216829,27.8810744577346,48.1280621948445,59.39,63.12,67.5,68.9,73.3650160988905
Italy,ITA,Internet users (per 100 people),IT.NET.USER.P2,23.1108742441037,27.2221169788811,28.04,29.04,33.24,35,37.99,40.79,44.53,48.83,53.68,56.8,58
Jamaica,JAM,Internet users (per 100 people),IT.NET.USER.P2,3.11577802729967,3.8630203874764,6.1,7.8,10,12.8,16.4,21.1,23.6,24.3,27.67,37.49,46.5
Japan,JPN,Internet users (per 100 people),IT.NET.USER.P2,29.9907403589142,38.5320608612719,46.5942011179917,48.4352658899653,62.3939296327259,66.9210661042901,68.6852703213795,74.3,75.4,78,78.21,79.0545209265596,79.05
Jordan,JOR,Internet users (per 100 people),IT.NET.USER.P2,2.62327542156362,4.70571958094159,6.02553241191204,8.46600501623938,11.6587413706379,12.9328520457507,13.8671087882097,20,23,26,27.2,34.9,41
Kazakhstan,KAZ,Internet users (per 100 people),IT.NET.USER.P2,0.668594402621264,1.00612421099739,1.67477099516366,2.00041475265872,2.6503946570164,2.96170749150089,3.26836905115978,4.02,11,18.2,31.6,50.6,53.3156691222464
Kenya,KEN,Internet users (per 100 people),IT.NET.USER.P2,0.318059713612037,0.619782266151425,1.20777388492125,2.94190286101524,3.02352804209621,3.10189770248496,7.5337897198037,7.95,8.67,10.04,14,28,32.0954171077906
Kiribati,KIR,Internet users (per 100 people),IT.NET.USER.P2,1.78522547397736,2.33745894837722,2.5,3,3.5,4,4.5,6,7,8.97,9.07,10,10.7467976841839
"Korea, Dem. Rep.",PRK,Internet users (per 100 people),IT.NET.USER.P2,0,0,0,0,0,0,0,0,0,0,,,
"Korea, Rep.",KOR,Internet users (per 100 people),IT.NET.USER.P2,44.7,56.6,59.4,65.5,72.7,73.5,78.1,78.8,81,81.6,83.7,83.8,84.1
Kosovo,KSV,Internet users (per 100 people),IT.NET.USER.P2,,,,,,,,,,,,,
Kuwait,KWT,Internet users (per 100 people),IT.NET.USER.P2,6.73139576837536,8.55179243431475,10.2489679289296,22.4029383804612,22.9271120360078,25.9261083689107,28.7911979549612,34.8,42,50.8,61.4,74.2,79.1782013155686
Kyrgyz Republic,KGZ,Internet users (per 100 people),IT.NET.USER.P2,1.04140114469361,3.00294132719239,2.99926518003089,3.90876626828521,5.09038530732863,10.5338013405507,12.3069069959465,14.03,15.7,17,18.4,20,21.723508986846
Lao PDR,LAO,Internet users (per 100 people),IT.NET.USER.P2,0.111044032290124,0.181664460654566,0.267899241309349,0.333912466428616,0.361434490258043,0.850357490288917,1.16989342772256,1.64,3.55,6,7,9,10.747676189122
Latvia,LVA,Internet users (per 100 people),IT.NET.USER.P2,6.31906208267861,7.21934580836289,21.94,26.98,38.58,46,53.63,59.17,63.41,66.84,68.42,71.68,74
Lebanon,LBN,Internet users (per 100 people),IT.NET.USER.P2,7.95274373635276,6.78321977527715,7,8,9,10.14,15,18.74,22.53,30.14,43.68,52,61.249785718304
Lesotho,LSO,Internet users (per 100 people),IT.NET.USER.P2,0.211806070361977,0.261150063093855,1.08394313737534,1.53249659019509,2.17552433931097,2.58024548419449,2.97970818724486,3.44543125970873,3.58,3.72,3.86,4.2248,4.58961762996709
Liberia,LBR,Internet users (per 100 people),IT.NET.USER.P2,0.0177027057169472,0.033812227177592,0.0327133071190699,0.0318689345450327,0.0310111848040233,,,0.551376580555429,0.53,0.51,2.3,3,3.7941
Libya,LBY,Internet users (per 100 people),IT.NET.USER.P2,0.187042622337565,0.366533175284228,2.24441822165946,2.81451798740855,3.53283816154549,3.91778797710285,4.30105178913002,4.72199937850513,9,10.8,14,14,19.8637
Liechtenstein,LIE,Internet users (per 100 people),IT.NET.USER.P2,36.5152298938015,45.1168526483592,59.4707106749926,58.8096918372148,64.0074481394199,63.3713561470216,64.2141613630526,65.080218443168,70,75,80,85,89.4077
Lithuania,LTU,Internet users (per 100 people),IT.NET.USER.P2,6.42706749477765,7.17935699381369,17.69,25.91,31.23,36.22,43.9,49.9,55.22,59.76,62.12,65.05,68
Luxembourg,LUX,Internet users (per 100 people),IT.NET.USER.P2,22.8873279731211,36.163422506306,39.84,54.55,65.88,70,72.51,78.92,82.23,87.31,90.62,90.89,92
"Macao SAR, China",MAC,Internet users (per 100 people),IT.NET.USER.P2,13.6085897418451,22.5212167700561,25.1718801643395,25.7421239826498,31.4840973824121,34.8629271733959,46.4,47.327,49.24,54,55.198,60.2,64.2727
"Macedonia, FYR",MKD,Internet users (per 100 people),IT.NET.USER.P2,2.48556631640066,3.46818460849398,17.33,19.07,24.44,26.45,28.62,36.3,46.04,51.77,51.9,56.7,63.1477
Madagascar,MDG,Internet users (per 100 people),IT.NET.USER.P2,0.196394691006341,0.222511586178292,0.339720154596142,0.423252419277809,0.525353654946669,0.567721802237403,0.607552238860378,0.65,1.65,1.63,1.7,1.9,2.0549
Malawi,MWI,Internet users (per 100 people),IT.NET.USER.P2,0.126780944756387,0.164020725330811,0.21509472652259,0.278815116302304,0.347505334967577,0.384489334082782,0.425137489606563,0.965864736553132,0.7,1.07,2.26,3.33,4.3506
Malaysia,MYS,Internet users (per 100 people),IT.NET.USER.P2,21.3847311644538,26.6959725007084,32.3382043389359,34.9711523397291,42.2522656295248,48.629170245984,51.6379889864403,55.7,55.8,55.9,56.3,61,65.8
Maldives,MDV,Internet users (per 100 people),IT.NET.USER.P2,2.2038729393788,3.61729064930367,5.3477651689359,5.97659284988557,6.58825487530861,6.86960506696215,11.0363527828647,16.3,23.2,24.8,26.53,34,38.9301
Mali,MLI,Internet users (per 100 people),IT.NET.USER.P2,0.142545755049184,0.185897413256084,0.2270455784917,0.310364443230575,0.432819639900985,0.507063135952247,0.729627280833101,0.81,1.57,1.8,1.9,2,2.1689
Malta,MLT,Internet users (per 100 people),IT.NET.USER.P2,13.1137087111024,17.8778483243348,28.92,31.64,34.62,41.24,40.41,46.9,50.08,58.86,63,69.22,70
Marshall Islands,MHL,Internet users (per 100 people),IT.NET.USER.P2,1.53427179624871,1.7066140776699,2.33544457522934,2.5697503671072,3.59977681383754,3.8787023977433,3.79559021427832,3.95,4.6,5.6,7,8.06,10
Mauritania,MRT,Internet users (per 100 people),IT.NET.USER.P2,0.192031462434805,0.261448551967195,0.363229414608579,0.424004895843197,0.481470438230954,0.669966474877597,0.97966125273203,1.43361319586788,1.87,2.28,4,4.5,5.3691
Mauritius,MUS,Internet users (per 100 people),IT.NET.USER.P2,7.28153511499385,8.78090401892036,10.252624671916,12.1871062041308,13.6890885885342,15.1722287524914,16.7,20.22,21.81,22.51,28.33,34.95,41.3946
Mexico,MEX,Internet users (per 100 people),IT.NET.USER.P2,5.08138415338066,7.0380231165045,11.9,12.9,14.1,17.21,19.52,20.81,21.71,26.34,31.05,34.96,38.42
"Micronesia, Fed. Sts.",FSM,Internet users (per 100 people),IT.NET.USER.P2,3.73486213690137,4.66052719883673,5.57009970478472,9.23250210039423,11.0178673081514,11.8813690993008,12.7503392500979,13.6211327333981,14.49,15.35,20,22.8,25.9744230029883
Moldova,MDA,Internet users (per 100 people),IT.NET.USER.P2,1.28284641670022,1.48781295215565,3.78724279887342,7.40754458415897,10.629390841654,14.6302704551796,19.6206477051634,20.45,23.39,27.5,32.3,38,43.37
Monaco,MCO,Internet users (per 100 people),IT.NET.USER.P2,42.1848634460346,46.6461423640265,48.0471171729696,49.4911689195459,52.4901966838546,55.4648260561427,61.4760397135217,64.3776824034335,67.25,70.1,75,80.3,87
Mongolia,MNG,Internet users (per 100 people),IT.NET.USER.P2,1.25565200358112,1.65323823906982,2.0395726034818,,,,,,9.8,10,10.2,12.5,16.4
Montenegro,MNE,Internet users (per 100 people),IT.NET.USER.P2,,,,,25.3500686036232,27.1,28.9,30.8,32.9,35.1,37.5,40,56.8387825490631
Morocco,MAR,Internet users (per 100 people),IT.NET.USER.P2,0.693791244805455,1.37143810096418,2.37325319241544,3.35336668122363,11.6079347729582,15.0844445240204,19.7711915653115,21.5,33.1,41.3,52,53,55
Mozambique,MOZ,Internet users (per 100 people),IT.NET.USER.P2,0.109592530041641,0.160031946644069,0.259612611253739,0.419538843913707,0.679447835392438,0.854357118107528,0.842954488044236,0.91,1.56,2.68,4.17,4.3,4.8491
Myanmar,MMR,Internet users (per 100 people),IT.NET.USER.P2,,0.000289277380848561,0.00042649350636189,0.0240641491408465,0.024337392002823,0.0652388555011476,0.18204833106115,0.217128445069958,0.22,0.22,0.25,0.98,1.0691
Namibia,NAM,Internet users (per 100 people),IT.NET.USER.P2,1.64473954726899,2.41697944170998,2.63369976876116,3.35983988553801,3.8047156152631,4.01004664442375,4.39887064732726,4.83561077833704,5.32900377208954,6.5,11.6,12,12.9414
Nepal,NPL,Internet users (per 100 people),IT.NET.USER.P2,0.204651683653029,0.240015303375743,0.312956060108532,0.382810917017044,0.449843651215974,0.82655126590551,1.14138916388191,1.41,1.73,1.97,7.93,9,11.1493
Netherlands,NLD,Internet users (per 100 people),IT.NET.USER.P2,43.984351373138,49.3730621073123,61.29,64.35,68.52,81,83.7,85.82,87.42,89.63,90.72,92.3,93
New Caledonia,NCL,Internet users (per 100 people),IT.NET.USER.P2,13.9395488232698,18.2371097828416,22.389797417113,26.4083344703588,30.2980462088488,32.3590147531561,33.5157146807209,35.05,34.51,33.99,42,50,58
New Zealand,NZL,Internet users (per 100 people),IT.NET.USER.P2,47.3795565432096,53.2410152941279,59.0807532812931,60.9625398663824,61.8476278106481,62.7202123689541,69,69.76,72.03,79.7,83,86,89.5109
Nicaragua,NIC,Internet users (per 100 people),IT.NET.USER.P2,0.980216486692385,1.44879942820716,1.71472958428668,1.88041253242301,2.32066460863941,2.56635117656203,2.8055730627337,3.9,5.3,7.3,10,10.6,13.5
Niger,NER,Internet users (per 100 people),IT.NET.USER.P2,0.0362612938065891,0.10518543139701,0.127152468779619,0.155698703668983,0.189933733703092,0.221341351487395,0.294033977096223,0.390390619762082,0.7,0.76,0.83,1.3,1.4077
Nigeria,NGA,Internet users (per 100 people),IT.NET.USER.P2,0.0640808079494101,0.089901370457273,0.320461975542327,0.558576244860521,1.28613764134527,3.54915571796492,5.54503608300536,6.77,15.86,20,24,28.43,32.8763
Northern Mariana Islands,MNP,Internet users (per 100 people),IT.NET.USER.P2,,,,,,,,,,,,,
Norway,NOR,Internet users (per 100 people),IT.NET.USER.P2,52,64,72.84,78.13,77.69,81.99,82.55,86.93,90.57,92.08,93.39,93.97,95
Oman,OMN,Internet users (per 100 people),IT.NET.USER.P2,3.52042141651097,5.89384152148671,6.87339603918545,7.25574294536556,6.75885217024525,6.68358142020519,8.299716672503,16.68,20,26.8,35.8278,48,60
Pakistan,PAK,Internet users (per 100 people),IT.NET.USER.P2,,1.31855077925626,2.57742673683831,5.04115812592502,6.16432098534156,6.33232909830782,6.5,6.8,7,7.5,8,9,9.9637
Palau,PLW,Internet users (per 100 people),IT.NET.USER.P2,,,20.243939470621,21.6015271777354,26.9703326341025,,,,,,,,
Panama,PAN,Internet users (per 100 people),IT.NET.USER.P2,6.55479647729549,7.26839987788729,8.51807781515595,9.98742407723405,11.1408625409415,11.4840092783071,17.3495661695931,22.29,33.82,39.08,40.1,42.7,45.1999
Papua New Guinea,PNG,Internet users (per 100 people),IT.NET.USER.P2,0.835249302427624,0.904103545170821,1.3216569348661,1.37440466802801,1.5079127722725,1.71619047556782,1.754487260668,1.79055936140245,1.15,1.61,1.28,2,2.30195686635833
Paraguay,PRY,Internet users (per 100 people),IT.NET.USER.P2,0.747630711548184,1.09879383569333,1.79496959770244,2.11194208210034,3.45243843137079,7.90700786141285,7.96207388394416,11.21,14.27,18.9,19.8,23.9,27.0758
Peru,PER,Internet users (per 100 people),IT.NET.USER.P2,3.07643061137675,7.57876295717419,8.96694917040028,11.6,14.1,17.1,20.7,25.2,30.57,31.4,34.77,36,38.2
Philippines,PHL,Internet users (per 100 people),IT.NET.USER.P2,1.98225319605827,2.52400566008269,4.33227574643007,4.85767226708512,5.2436284521711,5.3976363293955,5.74058632534702,5.97,6.22,9,25,29,36.2351
Poland,POL,Internet users (per 100 people),IT.NET.USER.P2,7.2854287080601,9.9006697073534,21.15,24.87,32.53,38.81,44.58,48.6,53.13,58.97,62.32,64.88,65
Portugal,PRT,Internet users (per 100 people),IT.NET.USER.P2,16.4304676923534,18.0871365595338,19.37,29.67,31.78,34.99,38.01,42.09,44.13,48.27,53.3,57.76,64
Puerto Rico,PRI,Internet users (per 100 people),IT.NET.USER.P2,10.4746482089399,15.6300309162012,17.5476475654777,19.7070256578252,22.1307382347014,23.4000504486583,25.4424182102582,27.86,38,41.5,45.3,48,51.4114
Qatar,QAT,Internet users (per 100 people),IT.NET.USER.P2,4.86367917875156,6.17026856093911,10.2261289281118,19.242336421002,20.701647851169,24.733493781051,28.9741127135829,37,44.3,53.1,81.6,86.2,88.1043668821783
Romania,ROM,Internet users (per 100 people),IT.NET.USER.P2,3.61371729139783,4.53866902895312,6.58,8.9,15,21.5,24.66,28.3,32.42,36.6,39.93,44.02,50
Russian Federation,RUS,Internet users (per 100 people),IT.NET.USER.P2,1.97723010897647,2.94436778664985,4.12827181796644,8.29886061553908,12.8593889008473,15.2266731976522,18.0232774617216,24.66,26.83,29,43,49,53.2748
Rwanda,RWA,Internet users (per 100 people),IT.NET.USER.P2,0.0628314595107164,0.240672409832383,0.292784718792575,0.356918467272361,0.43085424337006,0.556041164839515,,2.11538717825754,4.5,7.7,8,7,8.02385427694765
Samoa,WSM,Internet users (per 100 people),IT.NET.USER.P2,0.566392532680849,1.68990283058724,2.24483267578443,2.79963044878076,3.07552941044897,3.35259211246829,4.46917387320954,4.74998323535329,5.03161531623702,6,7,11,12.92249
San Marino,SMR,Internet users (per 100 people),IT.NET.USER.P2,48.7994953055999,50.3416690898517,50.8348399446985,50.003453038674,50.5663430420712,50.2595641966736,50.2086593635889,50.3648221088655,54.52,54.21,,49.6,50.8826
Sao Tome and Principe,STP,Internet users (per 100 people),IT.NET.USER.P2,4.6385168164075,6.31091788794615,7.580665168911,10.1618443069961,13.3228526892178,13.759484215906,14.1820197774712,14.5904831987414,15.48,16.41,18.75,20.1612,21.5724
Saudi Arabia,SAU,Internet users (per 100 people),IT.NET.USER.P2,2.21069180908888,4.6810531658103,6.38470501955932,8.00158289090878,10.2345329969583,12.7050359882849,19.4595543513634,30,36,38,41,47.5,54
Senegal,SEN,Internet users (per 100 people),IT.NET.USER.P2,0.403967485868965,0.983794058848003,1.00645453672323,2.10143642986685,4.38602398008563,4.78668408310535,5.61173865217952,7.7,10.6,14.5,16,17.5,19.2036
Serbia,SRB,Internet users (per 100 people),IT.NET.USER.P2,,,,,23.5,26.3,27.2,33.15,35.6,38.1,40.9,42.2,48.1
Seychelles,SYC,Internet users (per 100 people),IT.NET.USER.P2,7.39562918315276,11.0151029300174,14.3041708309972,14.5925043169492,24.2721392249906,25.4132681462836,34.95197117065,38.38,40.44,,41,43.16400446,47.076
Sierra Leone,SLE,Internet users (per 100 people),IT.NET.USER.P2,0.118254245682183,0.160264445493032,0.176198956814076,0.190173281668183,0.203007680592588,0.215391610340129,0.227669467190838,0.239834698546233,0.25,0.26,0.58,0.9,1.3
Singapore,SGP,Internet users (per 100 people),IT.NET.USER.P2,36,41.6704251756041,47,53.8379432881911,62,61,59,69.9,69,69,71,71,74.1818
Sint Maarten (Dutch part),SXM,Internet users (per 100 people),IT.NET.USER.P2,,,,,,,,,,,,,
Slovak Republic,SVK,Internet users (per 100 people),IT.NET.USER.P2,9.42680320061637,12.5283218484637,40.14,43.04,52.89,55.19,56.08,61.8,66.05,70,75.71,74.44,80
Slovenia,SVN,Internet users (per 100 people),IT.NET.USER.P2,15.1102595640388,30.1759104700854,27.8388854180687,31.8547930120441,40.81,46.81,54.01,56.74,58,64,70,69,70
Solomon Islands,SLB,Internet users (per 100 people),IT.NET.USER.P2,0.481296806114395,0.468551963584141,0.501919843401009,0.555609881855115,0.64967267325146,0.844307572805697,1.64634798857435,2,3,4,5,6,6.9974
Somalia,SOM,Internet users (per 100 people),IT.NET.USER.P2,0.02,0.0790391786670095,0.115614213354469,0.376198002539086,1.05345474358422,1.07732783912096,1.10021636808277,1.12223562161375,1.14268737216185,1.16061054246061,,1.25,1.3767
South Africa,ZAF,Internet users (per 100 people),IT.NET.USER.P2,5.34855973203537,6.34661931839768,6.71032243705404,7.00769172611251,8.4251186825406,7.48854252992921,7.60713967477381,8.06537517355504,8.43,10,24,33.97,41
South Sudan,SSD,Internet users (per 100 people),IT.NET.USER.P2,,,,,,,,,,,,,
Spain,ESP,Internet users (per 100 people),IT.NET.USER.P2,13.6249608089899,18.1487226902932,20.39,39.93,44.01,47.88,50.37,55.11,59.6,62.4,65.8,67.6,72
Sri Lanka,LKA,Internet users (per 100 people),IT.NET.USER.P2,0.647410010940963,0.793821864362622,1.05042270585318,1.45858022842408,1.44615998041486,1.79204679392588,2.53756612897332,3.88,5.8,8.78,12,15,18.2854
St. Kitts and Nevis,KNA,Internet users (per 100 people),IT.NET.USER.P2,5.86281024037522,7.71472655580319,21.152381758186,22.9697842928439,24.7376775443732,34,49,52,60,69,76,77.6,79.3488989552935
St. Lucia,LCA,Internet users (per 100 people),IT.NET.USER.P2,5.09048334139327,8.18186395448366,14.6418357746777,20.9824734633424,21.395212362765,21.5675829464215,24.5,27.9,32,36,43.3,45,48.6281
St. Martin (French part),MAF,Internet users (per 100 people),IT.NET.USER.P2,,,,,,,,,,,,,
St. Vincent and the Grenadines,VCT,Internet users (per 100 people),IT.NET.USER.P2,3.24503741064558,5.09480977832946,5.54959487957379,6.46227416659743,7.37116584201749,9.19827808234299,12,16,21,31,38.5,43.01,47.52
Sudan,SDN,Internet users (per 100 people),IT.NET.USER.P2,0.0257850324762484,0.140185224494161,0.439477639075583,0.538471703150458,0.791561615446385,1.29204067798853,,8.66,,,16.7,19,21
Suriname,SUR,Internet users (per 100 people),IT.NET.USER.P2,2.50641105226881,3.06444838873752,4.1615687449541,4.71987539528956,6.0760478144456,6.40308628759062,9.49962694173364,14.11,21.06,31.36,31.59,32,34.6812
Swaziland,SWZ,Internet users (per 100 people),IT.NET.USER.P2,0.926191777269402,1.28159005046719,1.81620380712642,2.43707385055863,3.22868507316111,3.69696107291824,3.69653878906882,4.1,6.85,8.94,11.04,18.13,20.7817825772944
Sweden,SWE,Internet users (per 100 people),IT.NET.USER.P2,45.6876522122282,51.7656649372808,70.57,79.13,83.89,84.83,87.76,82.01,90,91,90,94,94
Switzerland,CHE,Internet users (per 100 people),IT.NET.USER.P2,47.1,55.1,61.4,65.1,67.8,70.1,75.7,77.2,79.2,81.3,83.9,85.2,85.2
Syrian Arab Republic,SYR,Internet users (per 100 people),IT.NET.USER.P2,0.181698580104333,0.353759130007247,2.09310101861765,3.39797261356623,4.32159377785571,5.64810604883917,7.83255156888787,,14,17.3,20.7,22.5,24.3001
Tajikistan,TJK,Internet users (per 100 people),IT.NET.USER.P2,0.048599594582182,0.0512591325352927,0.0554628269910006,0.0645837771508553,0.0774799071356825,0.298690023682825,3.77240620666448,7.19761951797855,8.78,10.07,11.55,13.03,14.51
Tanzania,TZA,Internet users (per 100 people),IT.NET.USER.P2,0.11719444010825,0.171300350668948,0.222484413923909,0.676962856510303,0.87757497099259,4.3,5.8,7.2,9,10,11,12,13.0803
Thailand,THA,Internet users (per 100 people),IT.NET.USER.P2,3.68904127944164,5.55632612097332,7.53125033488567,9.29902723805965,10.6773033237281,15.0260043588909,17.1607147169285,20.03,18.2,20.1,22.4,23.7,26.5
Timor-Leste,TMP,Internet users (per 100 people),IT.NET.USER.P2,,,0,,,0.0990317678179026,0.116628276525644,0.140958763923202,0.163876815618553,0.185251509799805,0.21,0.9,0.9147
Togo,TGO,Internet users (per 100 people),IT.NET.USER.P2,0.8,0.9,1,1.2,1.5,1.8,2,2.2,2.4,2.6,3,3.5,4
Tonga,TON,Internet users (per 100 people),IT.NET.USER.P2,2.4343980443669,2.82537183911525,2.90729731626382,2.98581736750435,3.95237389457043,4.90778276190383,5.85394409483389,7.17986532901248,8.11076994380395,10,16,25,34.8609
Trinidad and Tobago,TTO,Internet users (per 100 people),IT.NET.USER.P2,7.72141147401745,15.384627218944,21.9986754804449,25.9717641091609,27.0242700782714,28.9767124326784,30.0037485791676,32.3,34.8,44.3,48.5,55.2,59.5162
Tunisia,TUN,Internet users (per 100 people),IT.NET.USER.P2,2.75074029298135,4.29796603474685,5.25288729548421,6.49084579532797,8.52881775162591,9.65508654217982,12.9864086534204,17.1,27.53,34.07,36.8,39.1,41.4416
Turkey,TUR,Internet users (per 100 people),IT.NET.USER.P2,3.761685035075,5.18948146078506,11.38,12.33,14.58,15.46,18.24,28.63,34.37,36.4,39.82,43.07,45.13
Turkmenistan,TKM,Internet users (per 100 people),IT.NET.USER.P2,0.13328218259348,0.175209517731422,0.302132016152841,0.425182631884743,0.754053982724623,0.997256558542959,1.3195731180963,1.40636068812023,1.75,1.95,3,5,7.1958
Turks and Caicos Islands,TCA,Internet users (per 100 people),IT.NET.USER.P2,,,,,,,,,,,,,
Tuvalu,TUV,Internet users (per 100 people),IT.NET.USER.P2,5.24163958486214,,,,,,,10,15,20,25,30,35
Uganda,UGA,Internet users (per 100 people),IT.NET.USER.P2,0.163714063074854,0.237945087191408,0.384093504951945,0.464849840113968,0.719970679914031,1.7422055032439,2.52936303826279,3.67196535074744,7.9,9.78,12.5,13.01354333,14.6896
Ukraine,UKR,Internet users (per 100 people),IT.NET.USER.P2,0.716183762031043,1.23875954748114,1.87388511643427,3.14812758815439,3.4894778812677,3.749764414659,4.50612456357379,6.55,11,17.9,23.3,28.70826284,33.7
United Arab Emirates,ARE,Internet users (per 100 people),IT.NET.USER.P2,23.6253008751553,26.2717542010006,28.3164853110439,29.4779534120864,30.1312961695367,40,52,61,63,64,68,78,85
United Kingdom,GBR,Internet users (per 100 people),IT.NET.USER.P2,26.8217543508578,33.4810948744147,56.48,64.82,65.61,70,68.82,75.09,78.39,83.56,85,86.84,87.0162
United States,USA,Internet users (per 100 people),IT.NET.USER.P2,43.0791626375201,49.0808315896951,58.7854038836952,61.6971171244207,64.7582564759896,67.968052915002,68.9311932699721,75,74,71,74,77.863021,81.0252
Uruguay,URY,Internet users (per 100 people),IT.NET.USER.P2,10.5390577480141,11.1214376832783,11.4194701966853,15.9371367159756,17.0630983403661,20.0881895579305,29.4,34,39.3,41.8,46.4,51.4,55.1146
Uzbekistan,UZB,Internet users (per 100 people),IT.NET.USER.P2,0.484347307694947,0.597567993875805,1.08193974248733,1.91259517784997,2.59372542084924,3.34350988825952,6.38832196706805,7.49060468138629,9.0801145234501,17.0582162104349,20,30.2,36.5213
Vanuatu,VUT,Internet users (per 100 people),IT.NET.USER.P2,2.10833689115184,2.83057223877678,3.51003871071264,3.90329584542948,4.74660261917533,5.08233380768449,5.85058505850585,6.8,7.26911992337492,7.5,8,9.2,10.598
"Venezuela, RB",VEN,Internet users (per 100 people),IT.NET.USER.P2,3.3595974645036,4.63600094778677,4.91044632720325,7.49996346522407,8.40446959241215,12.5529979098299,15.2247114771787,20.83,25.88,32.7,37.37,40.22,44.0456
Vietnam,VNM,Internet users (per 100 people),IT.NET.USER.P2,0.254248275754934,1.26565123612317,1.85499923592581,3.78028081370641,7.64240852842363,12.7399292907031,17.2545617186662,20.7554447679753,23.92,26.55,30.65,35.07,39.49
Virgin Islands (U.S.),VIR,Internet users (per 100 people),IT.NET.USER.P2,13.8150805419196,18.3757660397468,27.4944323774436,27.4290729887632,27.3770087880198,27.3443196733265,27.3326105376325,27.3393358364014,27.3617774210613,27.3965096846662,31.22,35.6,40.5479
West Bank and Gaza,WBG,Internet users (per 100 people),IT.NET.USER.P2,1.11130620708969,1.83685483917877,3.10009223512517,4.13061635632919,4.40090482603223,16.005,18.41,21.176,24.358,32.23,37.4,41.08,
"Yemen, Rep.",YEM,Internet users (per 100 people),IT.NET.USER.P2,0.0825003865143108,0.0908024587169292,0.518796032123435,0.604734100431821,0.881222988679516,1.04859793417826,1.24782404904485,5.01,6.89,9.96,12.35,14.905,17.4465
Zambia,ZMB,Internet users (per 100 people),IT.NET.USER.P2,0.191071642503428,0.233129556342332,0.477750906947484,0.980483039426114,2.01354953218533,2.85175226129009,4.15991339393107,4.87,5.55,6.31,10,11.5,13.4682
Zimbabwe,ZWE,Internet users (per 100 people),IT.NET.USER.P2,0.401433535211582,0.799846045633137,3.99435613455612,6.39478645849612,6.5640450271075,8.01597808880485,9.79184150186944,10.85,11.4,11.36,11.5,15.7,17.0908
